{"stats":{"minecraft:broken":{"minecraft:stone_pickaxe":1,"minecraft:shield":1,"minecraft:iron_pickaxe":1},"minecraft:custom":{"minecraft:mob_kills":23,"minecraft:interact_with_crafting_table":28,"minecraft:open_barrel":12,"minecraft:leave_game":3,"minecraft:time_since_death":226503,"minecraft:climb_one_cm":515,"minecraft:sprint_one_cm":386288,"minecraft:walk_one_cm":711643,"minecraft:damage_blocked_by_shield":3180,"minecraft:drop":33,"minecraft:play_time":226503,"minecraft:sneak_time":1563,"minecraft:walk_under_water_one_cm":9096,"minecraft:jump":2851,"minecraft:walk_on_water_one_cm":44033,"minecraft:total_world_time":226503,"minecraft:interact_with_furnace":28,"minecraft:interact_with_cartography_table":1,"minecraft:sleep_in_bed":1,"minecraft:time_since_rest":192080,"minecraft:waystone_activated":1,"minecraft:damage_taken":1500,"minecraft:damage_dealt":2962,"minecraft:swim_one_cm":23190,"minecraft:fly_one_cm":269049,"minecraft:open_chest":13,"minecraft:crouch_one_cm":3650,"minecraft:fall_one_cm":37582},"minecraft:killed":{"minecraft:skeleton":6,"minecraft:chicken":4,"minecraft:pig":2,"minecraft:bat":1,"minecraft:creeper":1,"minecraft:sheep":2,"minecraft:zombie":7},"minecraft:dropped":{"minecraft:water_bucket":1,"minecraft:iron_ingot":6,"minecraft:wheat_seeds":3,"minecraft:lapis_lazuli":7,"minecraft:orange_tulip":4,"minecraft:feather":2,"minecraft:emerald":6,"croptopia:tomato_seed":2,"croptopia:celery_seed":1,"minecraft:dirt":2,"croptopia:celery":1,"minecraft:raw_copper_block":1,"croptopia:grape_seed":7,"gravestone:obituary":1,"minecraft:iron_pickaxe":1,"minecraft:bucket":2,"farmersdelight:rich_soil":2,"minecraft:raw_iron":8,"minecraft:oak_planks":64,"croptopia:corn_seed":2,"croptopia:strawberry_seed":2,"croptopia:radish_seed":1,"minecraft:salmon":3,"croptopia:blueberry_seed":2,"croptopia:bellpepper_seed":1,"minecraft:poppy":1,"minecraft:stone_pickaxe":2,"minecraft:wooden_pickaxe":1,"minecraft:egg":1},"minecraft:mined":{"croptopia:bellpepper_crop":1,"minecraft:tuff":33,"croptopia:orange_crop":3,"croptopia:greenbean_crop":1,"minecraft:deepslate_diamond_ore":3,"tetra:block_geode":2,"croptopia:grape_crop":5,"croptopia:strawberry_crop":1,"minecraft:granite":2,"croptopia:persimmon_crop":7,"minecraft:grass_block":4,"bushierflowers:grown_dandelion":1,"croptopia:barley_crop":1,"minecraft:redstone_ore":4,"minecraft:raw_iron_block":2,"minecraft:furnace":1,"minecraft:iron_ore":55,"minecraft:cobbled_deepslate":17,"croptopia:corn_crop":1,"minecraft:andesite":20,"croptopia:blueberry_crop":2,"minecraft:deepslate_lapis_ore":19,"croptopia:peach_crop":25,"croptopia:apple_crop":5,"minecraft:deepslate_iron_ore":95,"minecraft:stone":112,"minecraft:deepslate_redstone_ore":53,"minecraft:crafting_table":3,"minecraft:cornflower":2,"minecraft:torch":6,"minecraft:cobblestone":5,"minecraft:copper_ore":1,"minecraft:tall_grass":2,"minecraft:deepslate_coal_ore":4,"minecraft:lapis_ore":1,"minecraft:deepslate_gold_ore":25,"minecraft:diorite":35,"minecraft:wall_torch":4,"croptopia:pear_crop":5,"croptopia:tomato_crop":1,"croptopia:chile_pepper_crop":1,"minecraft:grass":16,"minecraft:coal_ore":130,"minecraft:oak_log":57,"croptopia:celery_crop":1,"croptopia:radish_crop":1,"minecraft:gravel":12,"minecraft:dirt":10,"minecraft:raw_copper_block":1,"minecraft:gold_ore":6,"minecraft:oak_leaves":34,"minecraft:deepslate":232},"minecraft:crafted":{"minecraft:oak_planks":224,"minecraft:furnace":1,"minecraft:stone_pickaxe":2,"minecraft:cooked_porkchop":6,"minecraft:crafting_table":3,"minecraft:wooden_pickaxe":1,"minecraft:iron_sword":1,"minecraft:bucket":1,"minecraft:stone_axe":1,"minecraft:shield":1,"minecraft:stick":128,"minecraft:iron_pickaxe":3,"minecraft:iron_ingot":15,"minecraft:torch":320},"minecraft:picked_up":{"minecraft:crafting_table":3,"minecraft:iron_chestplate":1,"minecraft:chicken":2,"croptopia:peach":25,"croptopia:grape_seed":7,"gravestone:obituary":1,"minecraft:shield":1,"minecraft:cornflower":2,"minecraft:raw_copper":4,"croptopia:bellpepper_seed":1,"croptopia:pear":4,"minecraft:cobbled_deepslate":219,"croptopia:tomato_seed":2,"minecraft:poppy":1,"croptopia:blueberry":2,"minecraft:egg":1,"minecraft:raw_copper_block":1,"minecraft:iron_boots":1,"minecraft:furnace":2,"minecraft:raw_iron":148,"croptopia:corn_seed":2,"minecraft:oak_fence":1,"minecraft:torch":19,"minecraft:porkchop":6,"minecraft:diorite":29,"minecraft:redstone":252,"croptopia:strawberry":1,"croptopia:grape":5,"minecraft:arrow":10,"minecraft:rotten_flesh":7,"croptopia:persimmon":7,"croptopia:strawberry_seed":2,"minecraft:mutton":4,"minecraft:white_wool":2,"minecraft:cobblestone":124,"farmersdelight:rich_soil":2,"minecraft:feather":2,"croptopia:radish":1,"minecraft:water_bucket":3,"minecraft:glow_ink_sac":3,"minecraft:salmon":11,"minecraft:andesite":20,"croptopia:glowing_calamari":1,"minecraft:birch_planks":2,"minecraft:tuff":32,"minecraft:oak_log":56,"minecraft:gunpowder":1,"minecraft:lapis_lazuli":138,"croptopia:celery":1,"croptopia:blueberry_seed":2,"minecraft:dirt":15,"artifacts:flippers":1,"minecraft:bone":14,"croptopia:corn":1,"minecraft:apple":5,"minecraft:bow":1,"minecraft:wheat_seeds":3,"minecraft:orange_tulip":4,"alexsmobs:cockroach_wing_fragment":1,"minecraft:raw_gold":32,"minecraft:iron_ingot":23,"croptopia:bellpepper":1,"minecraft:stone_pickaxe":1,"croptopia:tomato":1,"croptopia:chile_pepper_seed":1,"minecraft:raw_iron_block":2,"minecraft:gravel":5,"croptopia:celery_seed":1,"artifacts:scarf_of_invisibility":1,"croptopia:chile_pepper":1,"tetra:geode":1,"minecraft:diamond":3,"croptopia:radish_seed":1,"croptopia:orange":3,"minecraft:iron_helmet":1,"minecraft:granite":2,"minecraft:oak_sapling":5,"minecraft:coal":195},"minecraft:used":{"minecraft:shield":55,"minecraft:iron_sword":60,"minecraft:torch":323,"minecraft:dirt":11,"minecraft:mutton":2,"croptopia:blueberry":2,"croptopia:chile_pepper":1,"croptopia:persimmon":6,"croptopia:peach":25,"minecraft:bow":1,"minecraft:furnace":2,"croptopia:strawberry":1,"minecraft:potato":2,"minecraft:cobbled_deepslate":171,"croptopia:pear":4,"croptopia:grape":5,"minecraft:water_bucket":79,"minecraft:diorite":5,"croptopia:tomato":1,"croptopia:radish":1,"minecraft:stone_pickaxe":229,"minecraft:wooden_pickaxe":29,"minecraft:cookie":11,"minecraft:salmon":8,"farmersdelight:onion":5,"minecraft:crafting_table":6,"minecraft:mushroom_stew":8,"minecraft:apple":10,"minecraft:chicken":1,"minecraft:iron_pickaxe":654,"minecraft:stone_axe":122,"minecraft:cobblestone":43,"minecraft:cooked_porkchop":6,"croptopia:bellpepper":1,"minecraft:bucket":78}},"DataVersion":3465}