{"stats":{"minecraft:used":{"minecraft:shield":55,"minecraft:iron_sword":91,"minecraft:torch":323,"minecraft:dirt":11,"minecraft:mutton":2,"croptopia:blueberry":2,"croptopia:chile_pepper":2,"minecraft:carrot":7,"minecraft:tuff":11,"croptopia:persimmon":6,"croptopia:peach":25,"minecraft:bow":1,"minecraft:furnace":2,"croptopia:strawberry":1,"minecraft:potato":21,"minecraft:cobbled_deepslate":171,"croptopia:pear":4,"croptopia:grape":5,"minecraft:water_bucket":79,"minecraft:diorite":5,"croptopia:tomato":1,"croptopia:radish":1,"minecraft:stone_pickaxe":229,"minecraft:wooden_pickaxe":29,"minecraft:cookie":11,"minecraft:salmon":8,"farmersdelight:onion":9,"minecraft:crafting_table":6,"minecraft:mushroom_stew":8,"croptopia:orange":2,"minecraft:apple":10,"minecraft:chicken":1,"minecraft:iron_pickaxe":654,"minecraft:stone_axe":122,"travelersbackpack:standard":5,"minecraft:cobblestone":43,"minecraft:cooked_porkchop":6,"croptopia:bellpepper":1,"minecraft:andesite":1,"minecraft:bucket":78,"croptopia:corn":1},"minecraft:dropped":{"minecraft:water_bucket":1,"minecraft:iron_ingot":6,"minecraft:wheat_seeds":3,"minecraft:lapis_lazuli":7,"minecraft:orange_tulip":4,"minecraft:feather":2,"minecraft:saddle":1,"minecraft:emerald":6,"croptopia:tomato_seed":2,"croptopia:celery_seed":1,"croptopia:celery":1,"minecraft:dirt":2,"minecraft:raw_copper_block":1,"croptopia:grape_seed":7,"gravestone:obituary":1,"minecraft:iron_pickaxe":1,"farmersdelight:rich_soil":2,"minecraft:bucket":2,"minecraft:raw_iron":8,"minecraft:oak_planks":64,"croptopia:corn_seed":2,"croptopia:strawberry_seed":2,"croptopia:radish_seed":1,"minecraft:salmon":3,"croptopia:blueberry_seed":2,"croptopia:bellpepper_seed":1,"minecraft:poppy":1,"minecraft:wooden_pickaxe":1,"minecraft:stone_pickaxe":2,"minecraft:egg":1},"minecraft:mined":{"croptopia:bellpepper_crop":1,"minecraft:tuff":33,"croptopia:orange_crop":3,"croptopia:greenbean_crop":2,"minecraft:deepslate_diamond_ore":3,"tetra:block_geode":2,"croptopia:grape_crop":5,"croptopia:strawberry_crop":1,"farmersdelight:wild_carrots":4,"minecraft:granite":2,"croptopia:persimmon_crop":7,"minecraft:grass_block":7,"bushierflowers:grown_dandelion":1,"croptopia:barley_crop":1,"minecraft:raw_iron_block":2,"minecraft:redstone_ore":4,"minecraft:furnace":1,"minecraft:iron_ore":55,"minecraft:cobbled_deepslate":17,"croptopia:corn_crop":1,"croptopia:blueberry_crop":2,"minecraft:andesite":20,"minecraft:deepslate_lapis_ore":19,"croptopia:peach_crop":25,"croptopia:apple_crop":5,"minecraft:deepslate_iron_ore":95,"minecraft:stone":112,"minecraft:deepslate_redstone_ore":53,"minecraft:crafting_table":3,"minecraft:cornflower":2,"minecraft:torch":6,"minecraft:cobblestone":5,"minecraft:tall_grass":2,"minecraft:copper_ore":1,"minecraft:deepslate_coal_ore":4,"minecraft:deepslate_gold_ore":25,"minecraft:lapis_ore":1,"minecraft:diorite":35,"minecraft:wall_torch":4,"croptopia:pear_crop":5,"croptopia:tomato_crop":1,"croptopia:chile_pepper_crop":2,"minecraft:grass":20,"minecraft:oak_log":57,"minecraft:coal_ore":130,"croptopia:celery_crop":1,"minecraft:sunflower":1,"croptopia:radish_crop":1,"minecraft:gravel":12,"minecraft:dirt":11,"minecraft:raw_copper_block":1,"minecraft:gold_ore":6,"minecraft:oak_leaves":39,"minecraft:deepslate":232},"minecraft:killed":{"alexsmobs:raccoon":1,"minecraft:skeleton":6,"minecraft:chicken":4,"minecraft:pig":4,"minecraft:bat":1,"minecraft:creeper":1,"minecraft:sheep":3,"minecraft:zombie":7,"alexsmobs:fly":1,"minecraft:cow":3},"minecraft:picked_up":{"minecraft:crafting_table":3,"minecraft:iron_chestplate":1,"minecraft:chicken":2,"croptopia:peach":25,"croptopia:grape_seed":7,"croptopia:sweetpotato_seed":2,"gravestone:obituary":1,"minecraft:shield":1,"minecraft:cornflower":2,"minecraft:raw_copper":4,"croptopia:bellpepper_seed":1,"croptopia:pear":4,"minecraft:cobbled_deepslate":219,"croptopia:tomato_seed":2,"minecraft:beef":6,"minecraft:poppy":1,"croptopia:blueberry":2,"minecraft:furnace":2,"minecraft:iron_boots":1,"minecraft:raw_copper_block":1,"minecraft:egg":2,"minecraft:raw_iron":148,"croptopia:corn_seed":2,"croptopia:greenbean_seed":1,"minecraft:oak_fence":1,"minecraft:torch":19,"minecraft:porkchop":10,"minecraft:diorite":29,"minecraft:carrot":4,"minecraft:redstone":252,"croptopia:strawberry":1,"croptopia:grape":5,"minecraft:arrow":10,"minecraft:rotten_flesh":7,"croptopia:persimmon":7,"croptopia:strawberry_seed":2,"minecraft:golden_hoe":1,"minecraft:mutton":6,"minecraft:white_wool":2,"minecraft:cobblestone":124,"farmersdelight:rich_soil":2,"minecraft:feather":2,"croptopia:radish":1,"minecraft:andesite":20,"minecraft:glow_ink_sac":3,"minecraft:water_bucket":3,"minecraft:salmon":11,"croptopia:glowing_calamari":1,"minecraft:birch_planks":2,"minecraft:tuff":32,"minecraft:oak_log":56,"minecraft:gunpowder":1,"croptopia:celery":1,"croptopia:blueberry_seed":2,"minecraft:lapis_lazuli":138,"minecraft:dirt":19,"artifacts:flippers":1,"minecraft:bone":14,"croptopia:corn":1,"minecraft:apple":5,"minecraft:bow":1,"minecraft:wheat_seeds":3,"minecraft:orange_tulip":4,"alexsmobs:cockroach_wing_fragment":1,"minecraft:raw_gold":32,"croptopia:bellpepper":1,"minecraft:iron_ingot":23,"minecraft:stone_pickaxe":1,"croptopia:tomato":1,"croptopia:chile_pepper_seed":3,"minecraft:raw_iron_block":2,"minecraft:gravel":5,"croptopia:celery_seed":1,"artifacts:scarf_of_invisibility":1,"croptopia:chile_pepper":2,"tetra:geode":1,"minecraft:diamond":3,"croptopia:radish_seed":1,"minecraft:iron_helmet":1,"croptopia:orange":3,"minecraft:granite":2,"minecraft:oak_sapling":5,"minecraft:melon_seeds":5,"minecraft:coal":195},"minecraft:crafted":{"minecraft:oak_planks":224,"minecraft:furnace":1,"minecraft:stone_pickaxe":2,"minecraft:cooked_porkchop":6,"minecraft:crafting_table":3,"minecraft:wooden_pickaxe":1,"minecraft:iron_sword":1,"minecraft:bucket":1,"minecraft:stone_axe":1,"minecraft:shield":1,"minecraft:stick":128,"minecraft:iron_pickaxe":3,"minecraft:iron_ingot":15,"minecraft:torch":320},"minecraft:broken":{"minecraft:stone_pickaxe":1,"minecraft:shield":1,"minecraft:iron_pickaxe":1},"minecraft:custom":{"minecraft:mob_kills":31,"minecraft:interact_with_crafting_table":28,"minecraft:open_barrel":12,"minecraft:leave_game":4,"minecraft:time_since_death":251155,"minecraft:climb_one_cm":515,"minecraft:sprint_one_cm":450821,"minecraft:walk_one_cm":753997,"minecraft:damage_blocked_by_shield":3180,"minecraft:drop":34,"minecraft:play_time":251155,"minecraft:sneak_time":1783,"minecraft:walk_under_water_one_cm":9589,"minecraft:jump":3263,"minecraft:walk_on_water_one_cm":46386,"minecraft:total_world_time":251155,"minecraft:interact_with_furnace":28,"minecraft:interact_with_cartography_table":1,"minecraft:sleep_in_bed":3,"minecraft:time_since_rest":2168,"minecraft:waystone_activated":1,"minecraft:damage_taken":1640,"minecraft:damage_dealt":3652,"minecraft:swim_one_cm":23190,"minecraft:fly_one_cm":381901,"minecraft:open_chest":14,"minecraft:crouch_one_cm":3650,"minecraft:fall_one_cm":51360,"minecraft:horse_one_cm":460002}},"DataVersion":3465}