{"stats":{"minecraft:killed_by":{"minecraft:skeleton":2,"minecraft:spider":1,"minecraft:zombie":2},"minecraft:used":{"minecraft:wooden_axe":4,"minecraft:apple":5,"minecraft:stone_pickaxe":85,"minecraft:shield":8,"minecraft:wooden_pickaxe":12,"croptopia:peach":14,"minecraft:crafting_table":1,"croptopia:orange":6},"minecraft:custom":{"minecraft:time_since_rest":603,"minecraft:interact_with_furnace":2,"minecraft:sprint_one_cm":108071,"minecraft:damage_taken":1405,"minecraft:walk_one_cm":81732,"minecraft:damage_blocked_by_shield":360,"minecraft:mob_kills":5,"minecraft:damage_dealt":497,"minecraft:interact_with_crafting_table":5,"minecraft:fly_one_cm":113175,"minecraft:crouch_one_cm":77,"minecraft:play_time":31166,"minecraft:deaths":5,"minecraft:sneak_time":11,"minecraft:walk_under_water_one_cm":186,"minecraft:jump":793,"minecraft:leave_game":1,"minecraft:walk_on_water_one_cm":82,"minecraft:time_since_death":100,"minecraft:total_world_time":31166,"minecraft:fall_one_cm":16622},"minecraft:killed":{"minecraft:zombie":2,"minecraft:chicken":2,"alexsmobs:fly":1},"minecraft:picked_up":{"minecraft:stick":4,"minecraft:raw_iron":12,"minecraft:feather":3,"minecraft:chicken":2,"croptopia:peach":14,"minecraft:oak_log":18,"minecraft:shield":1,"minecraft:carrot":5,"minecraft:dirt":6,"minecraft:rotten_flesh":1,"minecraft:apple":6,"minecraft:wheat_seeds":3,"croptopia:orange":6,"alexsmobs:maggot":1,"minecraft:oak_sapling":5,"minecraft:coal":28,"minecraft:cobblestone":40},"minecraft:mined":{"croptopia:orange_crop":6,"minecraft:iron_ore":11,"farmersdelight:wild_carrots":5,"minecraft:powder_snow":6,"croptopia:peach_crop":13,"gravestone:gravestone":2,"minecraft:grass":11,"minecraft:coal_ore":28,"minecraft:grass_block":5,"minecraft:oak_log":18,"croptopia:apple_crop":6,"minecraft:dirt":1,"minecraft:stone":40,"minecraft:oak_leaves":37},"minecraft:crafted":{"minecraft:oak_planks":56,"minecraft:crafting_table":1,"minecraft:stick":4,"minecraft:wooden_pickaxe":1,"minecraft:stone_pickaxe":1,"minecraft:wooden_axe":1,"minecraft:stone_axe":1}},"DataVersion":3465}