{"stats":{"minecraft:used":{"minecraft:stone_pickaxe":2,"minecraft:wooden_pickaxe":29,"minecraft:stone_axe":78,"croptopia:persimmon":2},"minecraft:mined":{"minecraft:raw_iron_block":1,"croptopia:grape_crop":5,"croptopia:strawberry_crop":1,"croptopia:pear_crop":5,"croptopia:blueberry_crop":2,"croptopia:tomato_crop":1,"croptopia:persimmon_crop":7,"minecraft:grass":2,"minecraft:oak_log":56,"croptopia:celery_crop":1,"croptopia:radish_crop":1,"minecraft:raw_copper_block":1,"bushierflowers:grown_dandelion":1,"minecraft:stone":23,"minecraft:diorite":1,"minecraft:oak_leaves":18},"minecraft:picked_up":{"minecraft:iron_chestplate":1,"croptopia:radish":1,"croptopia:grape_seed":7,"minecraft:raw_iron_block":1,"croptopia:celery_seed":1,"minecraft:oak_log":56,"minecraft:diorite":1,"minecraft:shield":1,"croptopia:celery":1,"croptopia:strawberry":1,"croptopia:blueberry_seed":2,"minecraft:dirt":1,"croptopia:grape":5,"croptopia:pear":4,"croptopia:persimmon":7,"croptopia:strawberry_seed":2,"minecraft:orange_tulip":4,"croptopia:radish_seed":1,"croptopia:tomato_seed":2,"minecraft:iron_helmet":1,"croptopia:tomato":1,"minecraft:poppy":1,"croptopia:blueberry":2,"minecraft:oak_sapling":4,"minecraft:mutton":2,"minecraft:iron_boots":1,"minecraft:raw_copper_block":1,"minecraft:white_wool":1,"minecraft:cobblestone":23},"minecraft:killed":{"minecraft:sheep":1},"minecraft:custom":{"minecraft:time_since_rest":25033,"minecraft:sprint_one_cm":29399,"minecraft:walk_one_cm":24988,"minecraft:mob_kills":1,"minecraft:damage_dealt":80,"minecraft:interact_with_crafting_table":4,"minecraft:swim_one_cm":17777,"minecraft:fly_one_cm":16696,"minecraft:play_time":25033,"minecraft:sneak_time":8,"minecraft:walk_under_water_one_cm":649,"minecraft:jump":105,"minecraft:leave_game":1,"minecraft:time_since_death":25033,"minecraft:walk_on_water_one_cm":1532,"minecraft:climb_one_cm":515,"minecraft:total_world_time":25033,"minecraft:fall_one_cm":1107},"minecraft:crafted":{"minecraft:oak_planks":28,"minecraft:stick":8,"minecraft:wooden_pickaxe":1,"minecraft:stone_pickaxe":1,"minecraft:stone_axe":1}},"DataVersion":3465}