{"stats":{"minecraft:picked_up":{"croptopia:strawberry_seed":1,"minecraft:wooden_pickaxe":1,"croptopia:raspberry_seed":4,"croptopia:raspberry":3,"minecraft:poppy":11,"minecraft:spruce_sapling":2,"minecraft:spruce_log":29,"croptopia:strawberry":1,"minecraft:dirt":11,"minecraft:cobblestone":18},"minecraft:crafted":{"minecraft:stone_axe":1,"minecraft:spruce_planks":32,"minecraft:stick":12,"minecraft:stone_pickaxe":1},"minecraft:dropped":{"gravestone:obituary":1},"minecraft:mined":{"minecraft:poppy":1,"minecraft:grass_block":3,"minecraft:dirt":8,"croptopia:raspberry_crop":3,"croptopia:strawberry_crop":1,"minecraft:spruce_leaves":37,"minecraft:spruce_log":32,"minecraft:stone":18,"bushierflowers:grown_poppy":5},"minecraft:killed_by":{"minecraft:skeleton":1,"minecraft:spider":1},"minecraft:custom":{"minecraft:time_since_rest":3687,"minecraft:crouch_one_cm":168,"minecraft:play_time":18318,"minecraft:sprint_one_cm":39703,"minecraft:deaths":2,"minecraft:damage_taken":480,"minecraft:walk_one_cm":46354,"minecraft:sneak_time":13,"minecraft:drop":1,"minecraft:boat_one_cm":89745,"minecraft:jump":301,"minecraft:leave_game":1,"minecraft:time_since_death":3663,"minecraft:total_world_time":18318,"minecraft:interact_with_crafting_table":3,"minecraft:fall_one_cm":8607,"minecraft:fly_one_cm":51364},"minecraft:used":{"minecraft:stone_axe":68,"croptopia:strawberry":1,"alexsmobs:animal_dictionary":1,"minecraft:wooden_pickaxe":19,"croptopia:raspberry":3}},"DataVersion":3465}