{"stats":{"minecraft:used":{"croptopia:grape":5,"minecraft:diorite":2,"minecraft:stone_pickaxe":229,"minecraft:shield":1,"minecraft:wooden_pickaxe":29,"minecraft:torch":27,"farmersdelight:onion":2,"minecraft:dirt":11,"croptopia:blueberry":2,"minecraft:crafting_table":3,"croptopia:chile_pepper":1,"minecraft:apple":10,"minecraft:iron_pickaxe":33,"minecraft:stone_axe":121,"croptopia:persimmon":6,"croptopia:peach":13,"minecraft:cobblestone":12,"minecraft:furnace":1,"croptopia:bellpepper":1,"croptopia:strawberry":1,"croptopia:pear":4},"minecraft:broken":{"minecraft:stone_pickaxe":1},"minecraft:dropped":{"minecraft:iron_ingot":6,"minecraft:wheat_seeds":3,"minecraft:lapis_lazuli":7,"minecraft:orange_tulip":4,"minecraft:feather":2,"croptopia:corn_seed":2,"croptopia:strawberry_seed":2,"croptopia:radish_seed":1,"minecraft:poppy":1,"croptopia:bellpepper_seed":1,"croptopia:blueberry_seed":2,"minecraft:emerald":6,"croptopia:tomato_seed":2,"croptopia:celery_seed":1,"minecraft:dirt":2,"croptopia:celery":1,"minecraft:raw_copper_block":1,"croptopia:grape_seed":7,"minecraft:stone_pickaxe":2,"minecraft:wooden_pickaxe":1,"farmersdelight:rich_soil":2,"minecraft:egg":1},"minecraft:picked_up":{"minecraft:crafting_table":2,"farmersdelight:rich_soil":2,"minecraft:iron_chestplate":1,"minecraft:feather":2,"croptopia:radish":1,"minecraft:chicken":2,"croptopia:peach":25,"croptopia:grape_seed":7,"minecraft:andesite":19,"minecraft:birch_planks":2,"minecraft:oak_log":56,"minecraft:shield":1,"minecraft:lapis_lazuli":7,"minecraft:cornflower":2,"croptopia:blueberry_seed":2,"croptopia:celery":1,"minecraft:dirt":14,"minecraft:raw_copper":4,"croptopia:bellpepper_seed":1,"croptopia:corn":1,"minecraft:apple":5,"croptopia:pear":4,"minecraft:orange_tulip":4,"minecraft:wheat_seeds":3,"minecraft:cobbled_deepslate":2,"minecraft:raw_gold":5,"alexsmobs:cockroach_wing_fragment":1,"croptopia:tomato_seed":2,"croptopia:bellpepper":1,"minecraft:stone_pickaxe":1,"croptopia:tomato":1,"minecraft:poppy":1,"croptopia:blueberry":2,"minecraft:egg":1,"minecraft:raw_copper_block":1,"minecraft:iron_boots":1,"minecraft:raw_iron":37,"croptopia:chile_pepper_seed":1,"croptopia:corn_seed":2,"minecraft:oak_fence":1,"minecraft:torch":6,"minecraft:raw_iron_block":1,"croptopia:celery_seed":1,"minecraft:porkchop":6,"minecraft:diorite":15,"croptopia:strawberry":1,"croptopia:chile_pepper":1,"croptopia:grape":5,"croptopia:persimmon":7,"croptopia:strawberry_seed":2,"croptopia:radish_seed":1,"minecraft:iron_helmet":1,"minecraft:oak_sapling":5,"minecraft:mutton":2,"minecraft:coal":78,"minecraft:white_wool":1,"minecraft:cobblestone":84},"minecraft:mined":{"croptopia:bellpepper_crop":1,"croptopia:greenbean_crop":1,"croptopia:grape_crop":5,"croptopia:strawberry_crop":1,"minecraft:crafting_table":2,"minecraft:cornflower":2,"minecraft:torch":3,"croptopia:persimmon_crop":7,"minecraft:grass_block":4,"minecraft:copper_ore":1,"minecraft:tall_grass":2,"minecraft:deepslate_coal_ore":4,"bushierflowers:grown_dandelion":1,"minecraft:lapis_ore":1,"minecraft:diorite":19,"minecraft:wall_torch":1,"croptopia:barley_crop":1,"minecraft:raw_iron_block":1,"minecraft:iron_ore":36,"croptopia:corn_crop":1,"croptopia:pear_crop":5,"minecraft:andesite":19,"croptopia:blueberry_crop":2,"croptopia:peach_crop":25,"croptopia:tomato_crop":1,"croptopia:chile_pepper_crop":1,"minecraft:grass":16,"minecraft:coal_ore":74,"minecraft:oak_log":57,"croptopia:apple_crop":5,"croptopia:celery_crop":1,"minecraft:deepslate_iron_ore":1,"croptopia:radish_crop":1,"minecraft:dirt":9,"minecraft:raw_copper_block":1,"minecraft:stone":75,"minecraft:gold_ore":5,"minecraft:deepslate":2,"minecraft:oak_leaves":33},"minecraft:killed":{"minecraft:pig":2,"minecraft:sheep":1,"minecraft:chicken":4},"minecraft:custom":{"minecraft:interact_with_furnace":18,"minecraft:mob_kills":7,"minecraft:interact_with_crafting_table":14,"minecraft:open_barrel":9,"minecraft:leave_game":2,"minecraft:time_since_death":82314,"minecraft:sleep_in_bed":1,"minecraft:climb_one_cm":515,"minecraft:time_since_rest":47891,"minecraft:waystone_activated":1,"minecraft:sprint_one_cm":151899,"minecraft:damage_taken":290,"minecraft:walk_one_cm":217413,"minecraft:damage_blocked_by_shield":15,"minecraft:drop":25,"minecraft:damage_dealt":440,"minecraft:swim_one_cm":23190,"minecraft:fly_one_cm":141437,"minecraft:open_chest":8,"minecraft:crouch_one_cm":2088,"minecraft:play_time":82314,"minecraft:sneak_time":758,"minecraft:walk_under_water_one_cm":2266,"minecraft:jump":969,"minecraft:walk_on_water_one_cm":2611,"minecraft:total_world_time":82314,"minecraft:fall_one_cm":15978},"minecraft:crafted":{"minecraft:oak_planks":28,"minecraft:cooked_porkchop":6,"minecraft:crafting_table":1,"minecraft:wooden_pickaxe":1,"minecraft:furnace":1,"minecraft:stone_axe":1,"minecraft:stick":28,"minecraft:iron_pickaxe":2,"minecraft:iron_ingot":15,"minecraft:stone_pickaxe":2,"minecraft:torch":48}},"DataVersion":3465}