{"stats":{"minecraft:used":{"croptopia:grape":1,"croptopia:tomato":1,"minecraft:stone_pickaxe":27,"minecraft:wooden_pickaxe":30,"minecraft:cooked_chicken":1,"farmersdelight:onion":2,"minecraft:dirt":11,"minecraft:crafting_table":1,"minecraft:stone_axe":67,"croptopia:avocado":1,"croptopia:persimmon":2,"minecraft:furnace":1,"alexsmobs:animal_dictionary":1,"croptopia:strawberry":1,"croptopia:pear":1},"minecraft:dropped":{"minecraft:birch_planks":2,"minecraft:wheat_seeds":1,"minecraft:orange_tulip":4,"minecraft:oak_fence":1,"minecraft:iron_helmet":1,"minecraft:iron_boots":1,"croptopia:strawberry_seed":1,"minecraft:poppy":2,"minecraft:dirt":1,"minecraft:shield":1,"minecraft:diorite":2,"minecraft:iron_chestplate":1,"croptopia:tomato":1,"minecraft:oak_sapling":1,"minecraft:dandelion":2},"minecraft:mined":{"croptopia:grape_crop":2,"croptopia:strawberry_crop":1,"minecraft:dandelion":1,"minecraft:oak_fence":1,"minecraft:grass_block":4,"minecraft:poppy":2,"minecraft:copper_ore":3,"minecraft:tall_grass":5,"minecraft:cobblestone":3,"minecraft:diorite":2,"minecraft:raw_iron_block":7,"bushierflowers:grown_orange_tulip":2,"minecraft:birch_log":5,"minecraft:birch_leaves":1,"croptopia:blueberry_crop":1,"croptopia:tomato_crop":1,"minecraft:oak_log":49,"minecraft:grass":3,"minecraft:coal_ore":4,"minecraft:dirt":10,"minecraft:raw_copper_block":1,"minecraft:stone":23,"minecraft:oak_leaves":6},"minecraft:picked_up":{"minecraft:birch_log":5,"minecraft:chicken":1,"croptopia:grape_seed":2,"minecraft:oak_log":47,"minecraft:dirt":12,"minecraft:raw_copper":10,"croptopia:pear":2,"minecraft:orange_tulip":4,"minecraft:wheat_seeds":1,"croptopia:tomato_seed":1,"croptopia:avocado":1,"croptopia:tomato":2,"minecraft:poppy":2,"croptopia:blueberry":1,"minecraft:raw_copper_block":1,"minecraft:oak_fence":1,"minecraft:dandelion":2,"minecraft:raw_iron_block":6,"minecraft:diorite":2,"croptopia:strawberry":1,"croptopia:grape":2,"croptopia:persimmon":2,"croptopia:strawberry_seed":1,"minecraft:oak_sapling":1,"minecraft:mutton":5,"minecraft:coal":4,"minecraft:white_wool":3,"minecraft:cobblestone":26},"minecraft:killed":{"alexsmobs:seal":3,"minecraft:sheep":3,"alexsmobs:blue_jay":1,"minecraft:chicken":1},"minecraft:custom":{"minecraft:interact_with_furnace":13,"minecraft:mob_kills":8,"minecraft:interact_with_crafting_table":12,"minecraft:leave_game":1,"minecraft:time_since_death":25555,"minecraft:climb_one_cm":964,"minecraft:time_since_rest":25555,"minecraft:sprint_one_cm":42599,"minecraft:damage_taken":80,"minecraft:walk_one_cm":38163,"minecraft:drop":20,"minecraft:damage_dealt":680,"minecraft:swim_one_cm":10586,"minecraft:fly_one_cm":43696,"minecraft:open_chest":4,"minecraft:crouch_one_cm":1376,"minecraft:play_time":25555,"minecraft:sneak_time":714,"minecraft:walk_under_water_one_cm":282,"minecraft:jump":284,"minecraft:walk_on_water_one_cm":2643,"minecraft:total_world_time":25555,"minecraft:interact_with_smoker":5,"minecraft:fall_one_cm":5893},"minecraft:crafted":{"minecraft:oak_planks":20,"minecraft:raw_iron":54,"minecraft:crafting_table":1,"minecraft:iron_helmet":2,"minecraft:wooden_pickaxe":1,"minecraft:cooked_chicken":1,"minecraft:furnace":1,"minecraft:birch_planks":20,"minecraft:stone_axe":1,"minecraft:cooked_mutton":5,"minecraft:air":0,"minecraft:iron_boots":2,"minecraft:iron_chestplate":2,"minecraft:raw_copper":9,"minecraft:shield":2,"minecraft:stick":12,"minecraft:iron_ingot":37,"minecraft:stone_pickaxe":1}},"DataVersion":3465}