{"stats":{"minecraft:killed_by":{"minecraft:skeleton":1,"minecraft:spider":1,"minecraft:enderman":1},"minecraft:used":{"minecraft:stone_pickaxe":30,"minecraft:oak_planks":8,"croptopia:apricot":3,"minecraft:shield":9,"minecraft:wooden_pickaxe":8,"minecraft:rotten_flesh":6,"minecraft:stone_axe":99,"minecraft:cobblestone":6,"minecraft:crafting_table":2,"minecraft:furnace":1,"alexsmobs:animal_dictionary":2,"croptopia:pear":4},"minecraft:broken":{"minecraft:stone_axe":1},"minecraft:custom":{"minecraft:time_since_rest":7033,"minecraft:interact_with_furnace":6,"minecraft:sprint_one_cm":90217,"minecraft:damage_taken":948,"minecraft:walk_one_cm":60923,"minecraft:damage_blocked_by_shield":555,"minecraft:mob_kills":14,"minecraft:drop":2,"minecraft:damage_dealt":2701,"minecraft:interact_with_crafting_table":13,"minecraft:fly_one_cm":171150,"minecraft:crouch_one_cm":2608,"minecraft:play_time":31529,"minecraft:deaths":3,"minecraft:sneak_time":1101,"minecraft:jump":941,"minecraft:leave_game":2,"minecraft:time_since_death":6993,"minecraft:total_world_time":31529,"minecraft:fall_one_cm":29235},"minecraft:killed":{"minecraft:skeleton":3,"minecraft:pig":1,"minecraft:zombie":7,"minecraft:chicken":1,"minecraft:spider":1,"minecraft:creeper":1},"minecraft:dropped":{"minecraft:shield":1,"gravestone:obituary":1},"minecraft:picked_up":{"minecraft:raw_iron":5,"minecraft:crafting_table":2,"minecraft:chicken":1,"minecraft:feather":1,"croptopia:peach":1,"croptopia:apricot":3,"croptopia:sweetpotato_seed":1,"minecraft:porkchop":1,"minecraft:oak_log":55,"minecraft:string":2,"minecraft:bone":5,"minecraft:rotten_flesh":8,"croptopia:pear":4,"croptopia:sweetpotato":1,"croptopia:orange":2,"croptopia:avocado":3,"minecraft:poppy":6,"minecraft:coal":7,"minecraft:furnace":1,"minecraft:cobblestone":32,"minecraft:egg":1},"minecraft:mined":{"minecraft:furnace":1,"minecraft:iron_ore":6,"croptopia:pear_crop":1,"croptopia:sweetpotato_crop":1,"minecraft:powder_snow":1,"minecraft:crafting_table":2,"gravestone:gravestone":1,"minecraft:grass":6,"minecraft:coal_ore":5,"minecraft:oak_log":58,"minecraft:spruce_leaves":1,"minecraft:stone":26,"bushierflowers:grown_poppy":5,"minecraft:oak_leaves":18},"minecraft:crafted":{"minecraft:oak_planks":116,"minecraft:iron_boots":1,"minecraft:iron_chestplate":1,"minecraft:shield":2,"minecraft:crafting_table":1,"minecraft:stick":8,"minecraft:iron_ingot":17,"minecraft:wooden_pickaxe":1,"minecraft:stone_pickaxe":1,"minecraft:furnace":1,"minecraft:stone_axe":1,"minecraft:air":0}},"DataVersion":3465}