{"stats":{"minecraft:broken":{"minecraft:stone_pickaxe":2,"minecraft:shield":3,"minecraft:iron_axe":1,"minecraft:stone_axe":1,"minecraft:iron_pickaxe":2},"minecraft:killed_by":{"minecraft:skeleton":1,"minecraft:zombie":1},"minecraft:custom":{"minecraft:interact_with_smithing_table":2,"minecraft:interact_with_anvil":1,"minecraft:mob_kills":155,"minecraft:interact_with_crafting_table":51,"minecraft:open_barrel":23,"goblintraders:trade_with_goblin":11,"minecraft:leave_game":4,"minecraft:time_since_death":13776,"minecraft:climb_one_cm":1425,"minecraft:sprint_one_cm":479226,"minecraft:walk_one_cm":467072,"minecraft:damage_blocked_by_shield":8460,"minecraft:drop":76,"minecraft:talked_to_villager":3,"minecraft:play_time":225553,"minecraft:deaths":3,"minecraft:sneak_time":8022,"minecraft:walk_under_water_one_cm":5070,"minecraft:jump":4272,"minecraft:interact_with_blast_furnace":2,"minecraft:walk_on_water_one_cm":56120,"minecraft:total_world_time":225553,"minecraft:interact_with_furnace":87,"minecraft:interact_with_cartography_table":2,"minecraft:sleep_in_bed":1,"minecraft:time_since_rest":13984,"minecraft:waystone_activated":1,"minecraft:damage_taken":5107,"minecraft:damage_dealt":27679,"minecraft:fly_one_cm":1049832,"minecraft:swim_one_cm":15798,"minecraft:open_chest":22,"minecraft:crouch_one_cm":18071,"minecraft:interact_with_smoker":5,"minecraft:fall_one_cm":244035},"minecraft:killed":{"alexsmobs:raccoon":1,"minecraft:spider":11,"minecraft:skeleton":34,"alexsmobs:blue_jay":1,"minecraft:chicken":4,"alexsmobs:centipede_head":2,"artifacts:mimic":4,"minecraft:zombie_villager":1,"alexsmobs:seal":3,"minecraft:creeper":5,"minecraft:sheep":17,"alexsmobs:crocodile":1,"alexsmobs:cockroach":3,"minecraft:zombie":49,"minecraft:cow":10},"minecraft:mined":{"minecraft:tuff":1,"farmersdelight:rich_soil":1,"croptopia:orange_crop":1,"minecraft:deepslate_diamond_ore":23,"tetra:block_geode":2,"croptopia:grape_crop":2,"croptopia:strawberry_crop":1,"minecraft:glow_lichen":2,"minecraft:obsidian":7,"minecraft:granite":31,"gravestone:gravestone":3,"minecraft:grass_block":8,"minecraft:raw_iron_block":7,"minecraft:redstone_ore":3,"minecraft:furnace":13,"bushierflowers:grown_orange_tulip":2,"minecraft:cobbled_deepslate":4,"minecraft:iron_ore":100,"minecraft:barrel":7,"minecraft:andesite":9,"croptopia:blueberry_crop":1,"minecraft:deepslate_lapis_ore":13,"minecraft:deepslate_iron_ore":100,"minecraft:stone":202,"minecraft:deepslate_redstone_ore":45,"tetra:scroll_rolled":3,"minecraft:dandelion":1,"minecraft:crafting_table":5,"minecraft:oak_fence":1,"minecraft:torch":2,"minecraft:blast_furnace":1,"minecraft:poppy":2,"minecraft:cobblestone":9,"minecraft:tall_grass":6,"minecraft:copper_ore":3,"minecraft:lapis_ore":2,"minecraft:deepslate_gold_ore":65,"minecraft:diorite":13,"minecraft:birch_log":5,"minecraft:birch_leaves":1,"croptopia:tomato_crop":1,"minecraft:grass":9,"minecraft:coal_ore":173,"minecraft:oak_log":56,"minecraft:gravel":33,"minecraft:sand":51,"minecraft:dirt":22,"minecraft:raw_copper_block":1,"minecraft:gold_ore":6,"minecraft:oak_leaves":6,"minecraft:deepslate":196},"minecraft:dropped":{"farmersdelight:tomato_seeds":3,"minecraft:water_bucket":4,"minecraft:iron_ingot":67,"minecraft:birch_planks":2,"minecraft:wheat_seeds":1,"minecraft:golden_helmet":1,"minecraft:oak_fence":1,"minecraft:feather":3,"minecraft:orange_tulip":4,"minecraft:cobblestone":3,"minecraft:iron_helmet":1,"artifacts:cloud_in_a_bottle":1,"minecraft:granite":35,"artifacts:flippers":1,"minecraft:coal":92,"croptopia:tomato_seed":1,"minecraft:dirt":5,"minecraft:diorite":5,"minecraft:raw_copper_block":1,"croptopia:grape_seed":2,"croptopia:tomato":1,"gravestone:obituary":4,"minecraft:sand":4,"minecraft:iron_pickaxe":1,"minecraft:string":5,"farmersdelight:rich_soil":1,"minecraft:dandelion":2,"minecraft:bone":14,"minecraft:gravel":10,"minecraft:cobbled_deepslate":17,"minecraft:raw_copper":7,"minecraft:obsidian":7,"minecraft:stone_shovel":3,"minecraft:blue_wool":1,"minecraft:rotten_flesh":7,"minecraft:light_gray_wool":2,"minecraft:iron_boots":1,"croptopia:strawberry_seed":1,"minecraft:salmon":11,"minecraft:poppy":2,"minecraft:shield":1,"minecraft:gunpowder":16,"minecraft:diamond_pickaxe":1,"minecraft:iron_chestplate":1,"minecraft:oak_sapling":1,"minecraft:wooden_pickaxe":1,"artifacts:scarf_of_invisibility":1},"minecraft:crafted":{"minecraft:raw_iron":54,"minecraft:oak_planks":72,"minecraft:coal":2,"minecraft:stone_shovel":1,"minecraft:cooked_chicken":4,"minecraft:furnace":3,"minecraft:cooked_mutton":22,"minecraft:glass":44,"travelersbackpack:white_sleeping_bag":2,"minecraft:iron_boots":2,"minecraft:raw_copper":9,"minecraft:iron_axe":2,"minecraft:stone_pickaxe":1,"minecraft:chest":2,"minecraft:cooked_beef":16,"minecraft:map":1,"minecraft:crafting_table":3,"minecraft:iron_helmet":2,"travelersbackpack:backpack_tank":4,"minecraft:wooden_pickaxe":1,"travelersbackpack:standard":2,"minecraft:iron_sword":1,"minecraft:bucket":1,"minecraft:birch_planks":20,"minecraft:stone_axe":1,"minecraft:air":0,"minecraft:blue_dye":1,"minecraft:iron_chestplate":2,"minecraft:diamond_pickaxe":1,"minecraft:shield":5,"minecraft:stick":112,"minecraft:iron_ingot":246,"minecraft:compass":2,"minecraft:iron_pickaxe":3,"minecraft:blue_wool":1,"minecraft:iron_leggings":1,"minecraft:gold_ingot":22,"minecraft:torch":320,"minecraft:sponge":1},"minecraft:picked_up":{"minecraft:crafting_table":5,"artifacts:night_vision_goggles":1,"minecraft:chicken":4,"croptopia:grape_seed":2,"gravestone:obituary":1,"minecraft:string":16,"minecraft:raw_copper":10,"croptopia:pear":2,"minecraft:cobbled_deepslate":210,"minecraft:bucket":2,"croptopia:tomato_seed":1,"croptopia:avocado":1,"minecraft:beef":16,"minecraft:iron_pickaxe":2,"minecraft:poppy":2,"croptopia:blueberry":1,"minecraft:light_gray_wool":2,"minecraft:raw_copper_block":2,"minecraft:furnace":12,"minecraft:golden_helmet":1,"minecraft:raw_iron":231,"minecraft:oak_fence":1,"minecraft:torch":5,"minecraft:diorite":6,"minecraft:redstone":190,"croptopia:strawberry":1,"alexsmobs:centipede_leg":3,"alexsmobs:crocodile_scute":1,"croptopia:grape":2,"minecraft:stone_shovel":2,"minecraft:arrow":19,"minecraft:rotten_flesh":45,"croptopia:persimmon":2,"croptopia:strawberry_seed":1,"artifacts:pocket_piston":1,"minecraft:gold_ingot":3,"minecraft:obsidian":14,"minecraft:mutton":25,"minecraft:white_wool":15,"minecraft:cobblestone":216,"minecraft:birch_log":5,"farmersdelight:rich_soil":1,"minecraft:feather":2,"minecraft:salmon":3,"minecraft:water_bucket":2,"minecraft:andesite":2,"minecraft:leather":13,"minecraft:flint":2,"minecraft:oak_log":54,"minecraft:gunpowder":3,"artifacts:cloud_in_a_bottle":2,"minecraft:lapis_lazuli":87,"minecraft:dirt":28,"artifacts:flippers":1,"minecraft:cooked_mutton":3,"tetra:scroll_rolled":3,"minecraft:glass":3,"minecraft:bone":33,"minecraft:apple":5,"minecraft:orange_tulip":4,"minecraft:wheat_seeds":1,"alexsmobs:cockroach_wing_fragment":1,"minecraft:raw_gold":70,"minecraft:iron_ingot":64,"minecraft:stone_pickaxe":1,"minecraft:cooked_chicken":1,"croptopia:tomato":2,"minecraft:oak_planks":64,"minecraft:dandelion":2,"minecraft:raw_iron_block":6,"minecraft:gravel":40,"minecraft:sand":78,"minecraft:blast_furnace":1,"artifacts:scarf_of_invisibility":1,"minecraft:spider_eye":3,"minecraft:barrel":7,"travelersbackpack:standard":1,"tetra:geode":1,"minecraft:diamond":23,"croptopia:orange":4,"minecraft:granite":36,"minecraft:emerald":6,"minecraft:oak_sapling":1,"minecraft:coal":284,"minecraft:diamond_pickaxe":1},"minecraft:used":{"minecraft:iron_shovel":6,"minecraft:stone_shovel":80,"minecraft:shield":143,"minecraft:iron_sword":169,"minecraft:cooked_chicken":5,"minecraft:torch":325,"minecraft:dirt":11,"tetra:scroll_rolled":3,"minecraft:granite":1,"minecraft:glass":1,"minecraft:iron_axe":256,"croptopia:persimmon":2,"minecraft:furnace":12,"croptopia:strawberry":1,"minecraft:cooked_beef":16,"minecraft:cobbled_deepslate":157,"croptopia:pear":1,"croptopia:grape":1,"minecraft:cooked_mutton":25,"minecraft:water_bucket":118,"minecraft:diorite":1,"croptopia:tomato":1,"minecraft:stone_pickaxe":165,"minecraft:wooden_pickaxe":30,"farmersdelight:onion":2,"minecraft:crafting_table":8,"minecraft:cod":14,"croptopia:orange":4,"minecraft:diamond_pickaxe":248,"minecraft:apple":29,"minecraft:bread":4,"minecraft:map":1,"minecraft:iron_pickaxe":615,"minecraft:gravel":6,"minecraft:stone_axe":103,"croptopia:avocado":1,"minecraft:cobblestone":175,"travelersbackpack:standard":8,"minecraft:bucket":125,"alexsmobs:animal_dictionary":1}},"DataVersion":3465}