{"stats":{"minecraft:broken":{"minecraft:stone_pickaxe":2,"minecraft:stone_axe":1},"minecraft:used":{"minecraft:stone_shovel":58,"minecraft:shield":14,"minecraft:cooked_chicken":4,"minecraft:torch":103,"minecraft:dirt":11,"minecraft:glass":1,"minecraft:iron_axe":47,"croptopia:persimmon":2,"minecraft:furnace":7,"croptopia:strawberry":1,"croptopia:pear":1,"croptopia:grape":1,"minecraft:cooked_mutton":5,"minecraft:water_bucket":1,"minecraft:diorite":1,"croptopia:tomato":1,"minecraft:stone_pickaxe":165,"minecraft:wooden_pickaxe":30,"farmersdelight:onion":2,"minecraft:crafting_table":3,"croptopia:orange":4,"minecraft:apple":15,"minecraft:iron_pickaxe":202,"minecraft:stone_axe":103,"croptopia:avocado":1,"minecraft:cobblestone":67,"minecraft:bucket":2,"alexsmobs:animal_dictionary":1},"minecraft:dropped":{"farmersdelight:tomato_seeds":3,"minecraft:birch_planks":2,"minecraft:wheat_seeds":1,"minecraft:feather":3,"minecraft:orange_tulip":4,"minecraft:oak_fence":1,"minecraft:iron_helmet":1,"minecraft:cobblestone":1,"artifacts:cloud_in_a_bottle":1,"minecraft:granite":29,"croptopia:tomato_seed":1,"minecraft:dirt":5,"minecraft:raw_copper_block":1,"minecraft:diorite":2,"croptopia:grape_seed":2,"croptopia:tomato":1,"minecraft:string":2,"farmersdelight:rich_soil":1,"minecraft:dandelion":2,"minecraft:bone":5,"minecraft:gravel":9,"minecraft:cobbled_deepslate":7,"minecraft:stone_shovel":2,"minecraft:light_gray_wool":2,"minecraft:iron_boots":1,"croptopia:strawberry_seed":1,"minecraft:poppy":2,"minecraft:shield":1,"minecraft:gunpowder":13,"minecraft:iron_chestplate":1,"minecraft:oak_sapling":1,"minecraft:wooden_pickaxe":1},"minecraft:mined":{"farmersdelight:rich_soil":1,"croptopia:orange_crop":1,"croptopia:grape_crop":2,"croptopia:strawberry_crop":1,"minecraft:granite":28,"minecraft:grass_block":5,"minecraft:raw_iron_block":7,"minecraft:furnace":5,"bushierflowers:grown_orange_tulip":2,"minecraft:iron_ore":54,"minecraft:andesite":2,"croptopia:blueberry_crop":1,"minecraft:deepslate_iron_ore":2,"minecraft:stone":151,"minecraft:dandelion":1,"minecraft:oak_fence":1,"minecraft:torch":1,"minecraft:poppy":2,"minecraft:copper_ore":3,"minecraft:tall_grass":6,"minecraft:cobblestone":5,"minecraft:diorite":3,"minecraft:birch_log":5,"minecraft:birch_leaves":1,"croptopia:tomato_crop":1,"minecraft:grass":9,"minecraft:oak_log":56,"minecraft:coal_ore":106,"minecraft:dirt":13,"minecraft:gravel":11,"minecraft:sand":51,"minecraft:raw_copper_block":1,"minecraft:gold_ore":2,"minecraft:oak_leaves":6,"minecraft:deepslate":7},"minecraft:picked_up":{"minecraft:chicken":4,"croptopia:grape_seed":2,"minecraft:string":2,"minecraft:raw_copper":10,"croptopia:pear":2,"minecraft:cobbled_deepslate":7,"croptopia:tomato_seed":1,"croptopia:avocado":1,"minecraft:beef":16,"minecraft:poppy":2,"croptopia:blueberry":1,"minecraft:light_gray_wool":2,"minecraft:raw_copper_block":2,"minecraft:furnace":5,"minecraft:raw_iron":79,"minecraft:oak_fence":1,"minecraft:torch":3,"minecraft:diorite":3,"croptopia:strawberry":1,"alexsmobs:crocodile_scute":1,"croptopia:grape":2,"minecraft:stone_shovel":2,"minecraft:arrow":3,"minecraft:rotten_flesh":4,"croptopia:persimmon":2,"croptopia:strawberry_seed":1,"minecraft:mutton":25,"minecraft:white_wool":15,"minecraft:cobblestone":153,"minecraft:birch_log":5,"farmersdelight:rich_soil":1,"minecraft:feather":2,"minecraft:andesite":2,"minecraft:leather":13,"minecraft:oak_log":54,"artifacts:cloud_in_a_bottle":1,"minecraft:lapis_lazuli":7,"minecraft:dirt":16,"minecraft:cooked_mutton":3,"minecraft:glass":2,"minecraft:bone":5,"minecraft:apple":5,"minecraft:orange_tulip":4,"minecraft:wheat_seeds":1,"minecraft:raw_gold":2,"alexsmobs:cockroach_wing_fragment":1,"minecraft:iron_ingot":6,"minecraft:stone_pickaxe":1,"minecraft:cooked_chicken":1,"croptopia:tomato":2,"minecraft:dandelion":2,"minecraft:raw_iron_block":6,"minecraft:gravel":9,"minecraft:sand":78,"croptopia:orange":4,"minecraft:granite":33,"minecraft:emerald":6,"minecraft:oak_sapling":1,"minecraft:coal":155},"minecraft:killed":{"alexsmobs:raccoon":1,"minecraft:skeleton":6,"alexsmobs:blue_jay":1,"minecraft:chicken":4,"minecraft:zombie_villager":1,"alexsmobs:seal":3,"minecraft:sheep":17,"alexsmobs:cockroach":3,"minecraft:zombie":3,"alexsmobs:crocodile":1,"minecraft:cow":10},"minecraft:custom":{"minecraft:mob_kills":50,"minecraft:interact_with_crafting_table":31,"minecraft:open_barrel":7,"minecraft:leave_game":2,"minecraft:time_since_death":82851,"minecraft:climb_one_cm":1425,"minecraft:sprint_one_cm":165298,"minecraft:walk_one_cm":145726,"minecraft:damage_blocked_by_shield":660,"minecraft:drop":42,"minecraft:talked_to_villager":3,"minecraft:play_time":82851,"minecraft:sneak_time":3182,"minecraft:walk_under_water_one_cm":2132,"minecraft:jump":1393,"minecraft:walk_on_water_one_cm":5400,"minecraft:total_world_time":82851,"minecraft:interact_with_furnace":57,"minecraft:sleep_in_bed":1,"minecraft:time_since_rest":47864,"minecraft:waystone_activated":1,"minecraft:damage_taken":972,"minecraft:damage_dealt":5392,"minecraft:swim_one_cm":15200,"minecraft:fly_one_cm":261888,"minecraft:open_chest":11,"minecraft:crouch_one_cm":7485,"minecraft:interact_with_smoker":5,"minecraft:fall_one_cm":43072},"minecraft:crafted":{"minecraft:raw_iron":54,"minecraft:oak_planks":52,"minecraft:stone_shovel":1,"minecraft:cooked_chicken":4,"minecraft:furnace":2,"minecraft:cooked_mutton":22,"minecraft:glass":22,"minecraft:iron_boots":2,"minecraft:raw_copper":9,"minecraft:iron_axe":1,"minecraft:stone_pickaxe":1,"minecraft:cooked_beef":16,"minecraft:crafting_table":3,"travelersbackpack:backpack_tank":2,"minecraft:wooden_pickaxe":1,"minecraft:iron_helmet":2,"minecraft:bucket":1,"minecraft:birch_planks":20,"minecraft:stone_axe":1,"minecraft:air":0,"minecraft:blue_dye":1,"minecraft:iron_chestplate":2,"minecraft:shield":2,"minecraft:stick":56,"minecraft:iron_ingot":81,"minecraft:iron_pickaxe":1,"minecraft:blue_wool":1,"minecraft:gold_ingot":5,"minecraft:iron_leggings":1,"minecraft:torch":136}},"DataVersion":3465}