{"stats":{"minecraft:picked_up":{"minecraft:stick":3,"minecraft:crafting_table":2,"croptopia:barley_seed":1,"gravestone:obituary":1,"minecraft:spruce_log":43,"minecraft:spider_eye":1,"croptopia:strawberry":2,"minecraft:dirt":9,"minecraft:rotten_flesh":2,"croptopia:barley":1,"croptopia:squash_seed":2,"croptopia:strawberry_seed":4,"minecraft:wheat_seeds":1,"croptopia:squash":2,"minecraft:poppy":2,"minecraft:white_wool":2,"minecraft:cobblestone":18},"minecraft:killed":{"creeperoverhaul:snowy_creeper":1,"minecraft:zombie_villager":1,"minecraft:spider":1},"minecraft:dropped":{"gravestone:obituary":1,"minecraft:wooden_pickaxe":1},"minecraft:crafted":{"minecraft:crafting_table":2,"minecraft:spruce_planks":44,"minecraft:stick":16,"minecraft:wooden_pickaxe":2,"minecraft:stone_pickaxe":1,"minecraft:spruce_boat":2,"minecraft:stone_axe":1},"minecraft:mined":{"croptopia:barley_crop":3,"croptopia:strawberry_crop":2,"minecraft:ice":5,"minecraft:spruce_log":42,"minecraft:crafting_table":2,"gravestone:gravestone":1,"minecraft:grass_block":4,"minecraft:dirt":5,"minecraft:spruce_leaves":15,"minecraft:stone":19,"bushierflowers:grown_poppy":1,"minecraft:fern":2},"minecraft:killed_by":{"alexsmobs:moose":1,"creeperoverhaul:snowy_creeper":1},"minecraft:custom":{"minecraft:time_since_rest":3790,"minecraft:sprint_one_cm":38580,"minecraft:damage_taken":596,"minecraft:walk_one_cm":45518,"minecraft:mob_kills":3,"minecraft:drop":2,"minecraft:damage_dealt":887,"minecraft:interact_with_crafting_table":7,"minecraft:fly_one_cm":69499,"minecraft:crouch_one_cm":1384,"minecraft:play_time":19747,"minecraft:deaths":2,"minecraft:sneak_time":740,"minecraft:boat_one_cm":66320,"minecraft:jump":360,"minecraft:leave_game":1,"minecraft:walk_on_water_one_cm":51,"minecraft:time_since_death":3761,"minecraft:total_world_time":19747,"minecraft:fall_one_cm":14899},"minecraft:used":{"minecraft:spruce_boat":2,"minecraft:wooden_pickaxe":19,"minecraft:rotten_flesh":1,"minecraft:stone_axe":58,"minecraft:dirt":9,"minecraft:crafting_table":4,"croptopia:squash":2,"alexsmobs:animal_dictionary":1,"croptopia:strawberry":2}},"DataVersion":3465}