{"stats":{"minecraft:picked_up":{"minecraft:dirt":4},"minecraft:mined":{"minecraft:grass_block":3,"minecraft:dirt":2,"minecraft:powder_snow":4,"minecraft:oak_leaves":3},"minecraft:killed":{"alexsmobs:snow_leopard":1},"minecraft:custom":{"minecraft:time_since_rest":29404,"minecraft:crouch_one_cm":39,"minecraft:play_time":29404,"minecraft:sprint_one_cm":26818,"minecraft:damage_taken":240,"minecraft:walk_one_cm":13983,"minecraft:sneak_time":22,"minecraft:walk_under_water_one_cm":710,"minecraft:mob_kills":1,"minecraft:jump":346,"minecraft:damage_dealt":300,"minecraft:leave_game":8,"minecraft:walk_on_water_one_cm":152,"minecraft:time_since_death":29404,"minecraft:total_world_time":55620,"minecraft:swim_one_cm":1240,"minecraft:fall_one_cm":54311,"minecraft:fly_one_cm":180048},"minecraft:used":{"minecraft:rotten_flesh":1,"minecraft:dirt":4,"minecraft:bread":6,"minecraft:iron_sword":6}},"DataVersion":3465}