{"stats":{"minecraft:killed":{"alexsmobs:snow_leopard":1},"minecraft:picked_up":{"minecraft:dirt":4},"minecraft:mined":{"minecraft:grass_block":3,"minecraft:dirt":2,"minecraft:powder_snow":4,"minecraft:oak_leaves":3},"minecraft:custom":{"minecraft:time_since_rest":35358,"minecraft:crouch_one_cm":398,"minecraft:play_time":35358,"minecraft:sprint_one_cm":34016,"minecraft:damage_taken":436,"minecraft:walk_one_cm":23740,"minecraft:sneak_time":115,"minecraft:walk_under_water_one_cm":710,"minecraft:mob_kills":1,"minecraft:jump":472,"minecraft:damage_dealt":334,"minecraft:leave_game":9,"minecraft:walk_on_water_one_cm":152,"minecraft:time_since_death":35358,"minecraft:total_world_time":61574,"minecraft:swim_one_cm":1240,"minecraft:fall_one_cm":73754,"minecraft:fly_one_cm":238316},"minecraft:used":{"minecraft:rotten_flesh":1,"minecraft:apple":5,"minecraft:dirt":4,"minecraft:bread":6,"minecraft:potato":7,"minecraft:iron_sword":9}},"DataVersion":3465}