{"stats":{"minecraft:custom":{"minecraft:jump":269,"minecraft:time_since_rest":27701,"minecraft:damage_taken":160,"minecraft:damage_dealt":300,"minecraft:crouch_one_cm":39,"minecraft:leave_game":6,"minecraft:sprint_one_cm":23417,"minecraft:play_time":27701,"minecraft:time_since_death":27701,"minecraft:walk_on_water_one_cm":152,"minecraft:walk_one_cm":12365,"minecraft:sneak_time":22,"minecraft:total_world_time":27701,"minecraft:walk_under_water_one_cm":710,"minecraft:mob_kills":1,"minecraft:swim_one_cm":1240,"minecraft:fall_one_cm":41224,"minecraft:fly_one_cm":133296},"minecraft:killed":{"alexsmobs:snow_leopard":1},"minecraft:used":{"minecraft:bread":6,"minecraft:iron_sword":6}},"DataVersion":3465}