{"stats":{"minecraft:killed":{"alexsmobs:snow_leopard":1},"minecraft:custom":{"minecraft:jump":139,"minecraft:time_since_rest":23887,"minecraft:damage_taken":20,"minecraft:damage_dealt":300,"minecraft:crouch_one_cm":39,"minecraft:leave_game":5,"minecraft:sprint_one_cm":16487,"minecraft:play_time":23887,"minecraft:time_since_death":23887,"minecraft:walk_on_water_one_cm":152,"minecraft:walk_one_cm":5366,"minecraft:sneak_time":22,"minecraft:total_world_time":23887,"minecraft:walk_under_water_one_cm":710,"minecraft:mob_kills":1,"minecraft:swim_one_cm":1240,"minecraft:fall_one_cm":24488,"minecraft:fly_one_cm":87688},"minecraft:used":{"minecraft:bread":3,"minecraft:iron_sword":6}},"DataVersion":3465}