{"stats":{"minecraft:killed":{"alexsmobs:raccoon":1,"minecraft:chicken":1},"minecraft:mined":{"minecraft:grass":5,"minecraft:poppy":1,"minecraft:oak_leaves":2},"minecraft:custom":{"minecraft:time_since_rest":3604,"minecraft:play_time":3604,"minecraft:sprint_one_cm":15181,"minecraft:damage_taken":160,"minecraft:walk_one_cm":14192,"minecraft:mob_kills":2,"minecraft:jump":74,"minecraft:damage_dealt":130,"minecraft:leave_game":1,"minecraft:time_since_death":3604,"minecraft:total_world_time":3604,"minecraft:fall_one_cm":2689,"minecraft:fly_one_cm":17724,"minecraft:horse_one_cm":21634},"minecraft:used":{"minecraft:mutton":3,"minecraft:iron_sword":17},"minecraft:picked_up":{"minecraft:chicken":1,"minecraft:leather":1,"minecraft:saddle":1,"minecraft:golden_horse_armor":1}},"DataVersion":3465}