{"stats":{"minecraft:custom":{"minecraft:time_since_rest":6305,"minecraft:play_time":6305,"minecraft:sprint_one_cm":20286,"minecraft:damage_taken":250,"minecraft:walk_one_cm":20867,"minecraft:mob_kills":2,"minecraft:jump":124,"minecraft:damage_dealt":130,"minecraft:leave_game":2,"minecraft:time_since_death":6305,"minecraft:total_world_time":6305,"minecraft:fall_one_cm":4585,"minecraft:fly_one_cm":21351,"minecraft:horse_one_cm":21634},"minecraft:killed":{"alexsmobs:raccoon":1,"minecraft:chicken":1},"minecraft:used":{"minecraft:mutton":4,"minecraft:porkchop":2,"minecraft:iron_sword":26},"minecraft:picked_up":{"croptopia:lemon":1,"minecraft:chicken":1,"minecraft:leather":1,"minecraft:saddle":1,"minecraft:golden_horse_armor":1,"minecraft:oak_sapling":4},"minecraft:mined":{"minecraft:grass":5,"minecraft:poppy":1,"croptopia:lemon_crop":1,"minecraft:oak_leaves":10}},"DataVersion":3465}